optimizer,final_loss,best_loss,avg_step_time_s,peak_memory_mb,seed,max_step
adamw,1.975462,1.931765,0.008677,338.01,42,1000
adafactor,2.383344,2.333947,0.015693,325.27,42,1000
sgd,2.468483,2.425143,0.008262,331.61,42,1000
rmsprop,2.634954,2.522540,0.008723,331.61,42,1000
